,0
id,0
agent,ActorCritic
nplayers,1
max_steps,100
epochs,500
action_min,0.0
action_max,1.0
nactions,100
env,PriceState
dir,C:\Users\niki\Source\electricity_rl\Experiments
greedy,0
gamma,0.995
encoder,none
load,0
print_freq,20
batch_size,20
,0
id,0
agent,ActorCritic
nplayers,1
max_steps,100
epochs,500
action_min,0.0
action_max,1.0
nactions,100
env,PriceState
dir,C:\Users\niki\Source\electricity_rl\Experiments
greedy,0
gamma,0.995
encoder,none
load,0
print_freq,20
batch_size,20
,0
id,1
agent,ActorCritic
nplayers,1
max_steps,100
epochs,500
action_min,0.0
action_max,1.0
nactions,100
env,PriceState
dir,C:\Users\niki\Source\electricity_rl\Experiments
greedy,0
gamma,0.995
encoder,none
load,0
print_freq,20
batch_size,20
,0
id,2
agent,ActorCritic
nplayers,1
max_steps,100
epochs,500
action_min,0.0
action_max,1.0
nactions,100
env,PriceState
dir,C:\Users\niki\Source\electricity_rl\Experiments
greedy,0
gamma,0.995
encoder,none
load,0
print_freq,20
batch_size,20
,0
id,3
agent,ActorCritic
nplayers,1
max_steps,100
epochs,500
action_min,0.0
action_max,1.0
nactions,100
env,PriceState
dir,C:\Users\niki\Source\electricity_rl\Experiments
greedy,0
gamma,0.995
encoder,none
load,0
print_freq,20
batch_size,20
,0
id,4
agent,ActorCritic
nplayers,1
max_steps,100
epochs,500
action_min,0.0
action_max,1.0
nactions,100
env,PriceState
dir,C:\Users\niki\Source\electricity_rl\Experiments
greedy,0
gamma,0.995
encoder,none
load,0
print_freq,20
batch_size,20
,0
id,5
agent,ActorCritic
nplayers,2
max_steps,100
epochs,2000
action_min,0.0
action_max,1.0
nactions,100
env,PriceState
dir,C:\Users\niki\Source\electricity_rl\Experiments
greedy,0
gamma,0.995
encoder,none
load,0
print_freq,20
batch_size,20
,0
id,0
agent,ActorCritic
nplayers,1
max_steps,100
epochs,1000
action_min,0.0
action_max,1.0
nactions,100
env,PriceState
dir,C:\Users\niki\Source\electricity_rl\Experiments
greedy,0
gamma,0.995
encoder,none
load,0
print_freq,20
batch_size,20
,0
id,1
agent,ActorCritic
nplayers,1
max_steps,100
epochs,1000
action_min,0.0
action_max,1.0
nactions,100
env,PriceState
dir,C:\Users\niki\Source\electricity_rl\Experiments
greedy,0
gamma,0.995
encoder,none
load,0
print_freq,20
batch_size,20
,0
id,0
agent,ActorCritic
nplayers,1
max_steps,100
epochs,1000
action_min,0.0
action_max,1.0
nactions,100
env,PriceState
dir,C:\Users\niki\Source\electricity_rl\Experiments
greedy,0
gamma,0.995
encoder,none
load,0
print_freq,20
batch_size,20
,0
id,1
agent,ActorCritic
nplayers,1
max_steps,100
epochs,1000
action_min,0.0
action_max,1.0
nactions,100
env,PriceState
dir,C:\Users\niki\Source\electricity_rl\Experiments
greedy,0
gamma,0.995
encoder,none
load,0
print_freq,20
batch_size,20
,0
id,0
agent,ActorCritic
nplayers,1
max_steps,100
epochs,200
action_min,0.0
action_max,1.0
nactions,100
env,PriceState
dir,C:\Users\niki\Source\electricity_rl\Experiments
greedy,0
gamma,0.995
encoder,none
load,0
print_freq,20
batch_size,20
,0
id,1
agent,ActorCritic
nplayers,1
max_steps,100
epochs,1000
action_min,0.0
action_max,1.0
nactions,100
env,PriceState
dir,C:\Users\niki\Source\electricity_rl\Experiments
greedy,0
gamma,0.995
encoder,none
load,0
print_freq,20
batch_size,20
,0
id,0
agent,ActorCritic
nplayers,1
max_steps,100
epochs,200
action_min,0.0
action_max,1.0
nactions,100
env,PriceState
dir,C:\Users\niki\Source\electricity_rl\Experiments
greedy,0
gamma,0.995
encoder,none
load,0
print_freq,20
batch_size,20
,0
id,0
agent,ActorCritic
nplayers,1
max_steps,100
epochs,1000
action_min,0.0
action_max,1.0
nactions,100
env,PriceState
dir,C:\Users\niki\Source\electricity_rl\Experiments
greedy,0
gamma,0.995
encoder,none
load,0
print_freq,20
batch_size,20
,0
id,1
agent,ActorCritic
nplayers,1
max_steps,100
epochs,1000
action_min,0.0
action_max,1.0
nactions,100
env,PriceState
dir,C:\Users\niki\Source\electricity_rl\Experiments
greedy,0
gamma,0.995
encoder,none
load,0
print_freq,20
batch_size,20
,0
id,0
agent,ActorCritic
nplayers,1
max_steps,100
epochs,1000
action_min,0.0
action_max,1.0
nactions,100
env,PriceState
dir,C:\Users\niki\Source\electricity_rl\Experiments
greedy,0
gamma,0.995
encoder,none
load,0
print_freq,20
batch_size,20
,0
id,0
agent,ActorCritic
nplayers,1
max_steps,100
epochs,1000
action_min,0.0
action_max,1.0
nactions,100
env,PriceState
dir,C:\Users\niki\Source\electricity_rl\Experiments
greedy,0
gamma,0.995
encoder,none
load,0
print_freq,20
batch_size,20
,0
id,1
agent,ActorCritic
nplayers,1
max_steps,100
epochs,1000
action_min,0.0
action_max,1.0
nactions,100
env,PriceState
dir,C:\Users\niki\Source\electricity_rl\Experiments
greedy,0
gamma,0.995
encoder,none
load,0
print_freq,20
batch_size,20
,0
id,2
agent,ActorCritic
nplayers,1
max_steps,100
epochs,1000
action_min,0.0
action_max,1.0
nactions,100
env,PriceState
dir,C:\Users\niki\Source\electricity_rl\Experiments
greedy,0
gamma,0.995
encoder,none
load,0
print_freq,20
batch_size,20
,0
id,3
agent,ActorCritic
nplayers,1
max_steps,100
epochs,1000
action_min,0.0
action_max,1.0
nactions,100
env,PriceState
dir,C:\Users\niki\Source\electricity_rl\Experiments
greedy,0
gamma,0.995
encoder,none
load,0
print_freq,20
batch_size,20
,0
id,4
agent,ActorCritic
nplayers,1
max_steps,100
epochs,1000
action_min,0.0
action_max,1.0
nactions,100
env,PriceState
dir,C:\Users\niki\Source\electricity_rl\Experiments
greedy,0
gamma,0.995
encoder,none
load,0
print_freq,20
batch_size,20
,0
id,5
agent,ActorCritic
nplayers,2
max_steps,100
epochs,1000
action_min,0.0
action_max,1.0
nactions,100
env,PriceState
dir,C:\Users\niki\Source\electricity_rl\Experiments
greedy,0
gamma,0.995
encoder,none
load,0
print_freq,20
batch_size,20
,0
id,6
agent,ActorCritic
nplayers,2
max_steps,100
epochs,1000
action_min,0.0
action_max,1.0
nactions,100
env,PriceState
dir,C:\Users\niki\Source\electricity_rl\Experiments
greedy,0
gamma,0.995
encoder,none
load,0
print_freq,20
batch_size,20
,0
id,7
agent,ActorCritic
nplayers,2
max_steps,100
epochs,1000
action_min,0.0
action_max,1.0
nactions,100
env,PriceState
dir,C:\Users\niki\Source\electricity_rl\Experiments
greedy,0
gamma,0.995
encoder,none
load,0
print_freq,20
batch_size,20
,0
id,8
agent,ActorCritic
nplayers,2
max_steps,100
epochs,1000
action_min,0.0
action_max,1.0
nactions,100
env,PriceState
dir,C:\Users\niki\Source\electricity_rl\Experiments
greedy,0
gamma,0.995
encoder,none
load,0
print_freq,20
batch_size,20
,0
id,9
agent,ActorCritic
nplayers,2
max_steps,100
epochs,1000
action_min,0.0
action_max,1.0
nactions,100
env,PriceState
dir,C:\Users\niki\Source\electricity_rl\Experiments
greedy,0
gamma,0.995
encoder,none
load,0
print_freq,20
batch_size,20
,0
id,10
agent,ActorCritic
nplayers,3
max_steps,100
epochs,1000
action_min,0.0
action_max,1.0
nactions,100
env,PriceState
dir,C:\Users\niki\Source\electricity_rl\Experiments
greedy,0
gamma,0.995
encoder,none
load,0
print_freq,20
batch_size,20
,0
id,11
agent,ActorCritic
nplayers,3
max_steps,100
epochs,1000
action_min,0.0
action_max,1.0
nactions,100
env,PriceState
dir,C:\Users\niki\Source\electricity_rl\Experiments
greedy,0
gamma,0.995
encoder,none
load,0
print_freq,20
batch_size,20
,0
id,12
agent,ActorCritic
nplayers,3
max_steps,100
epochs,1000
action_min,0.0
action_max,1.0
nactions,100
env,PriceState
dir,C:\Users\niki\Source\electricity_rl\Experiments
greedy,0
gamma,0.995
encoder,none
load,0
print_freq,20
batch_size,20
,0
id,13
agent,ActorCritic
nplayers,3
max_steps,100
epochs,1000
action_min,0.0
action_max,1.0
nactions,100
env,PriceState
dir,C:\Users\niki\Source\electricity_rl\Experiments
greedy,0
gamma,0.995
encoder,none
load,0
print_freq,20
batch_size,20
,0
id,14
agent,ActorCritic
nplayers,3
max_steps,100
epochs,1000
action_min,0.0
action_max,1.0
nactions,100
env,PriceState
dir,C:\Users\niki\Source\electricity_rl\Experiments
greedy,0
gamma,0.995
encoder,none
load,0
print_freq,20
batch_size,20
,0
id,15
agent,ActorCritic
nplayers,4
max_steps,100
epochs,1000
action_min,0.0
action_max,1.0
nactions,100
env,PriceState
dir,C:\Users\niki\Source\electricity_rl\Experiments
greedy,0
gamma,0.995
encoder,none
load,0
print_freq,20
batch_size,20
,0
id,16
agent,ActorCritic
nplayers,4
max_steps,100
epochs,1000
action_min,0.0
action_max,1.0
nactions,100
env,PriceState
dir,C:\Users\niki\Source\electricity_rl\Experiments
greedy,0
gamma,0.995
encoder,none
load,0
print_freq,20
batch_size,20
,0
id,17
agent,ActorCritic
nplayers,4
max_steps,100
epochs,1000
action_min,0.0
action_max,1.0
nactions,100
env,PriceState
dir,C:\Users\niki\Source\electricity_rl\Experiments
greedy,0
gamma,0.995
encoder,none
load,0
print_freq,20
batch_size,20
,0
id,18
agent,ActorCritic
nplayers,4
max_steps,100
epochs,1000
action_min,0.0
action_max,1.0
nactions,100
env,PriceState
dir,C:\Users\niki\Source\electricity_rl\Experiments
greedy,0
gamma,0.995
encoder,none
load,0
print_freq,20
batch_size,20
,0
id,19
agent,ActorCritic
nplayers,4
max_steps,100
epochs,1000
action_min,0.0
action_max,1.0
nactions,100
env,PriceState
dir,C:\Users\niki\Source\electricity_rl\Experiments
greedy,0
gamma,0.995
encoder,none
load,0
print_freq,20
batch_size,20
,0
id,20
agent,SAC
nplayers,1
max_steps,100
epochs,1000
action_min,0.0
action_max,1.0
nactions,1
env,PriceState
dir,C:\Users\niki\Source\electricity_rl\Experiments
greedy,0
gamma,0.995
encoder,none
load,0
print_freq,20
batch_size,20
,0
id,21
agent,SAC
nplayers,1
max_steps,100
epochs,1000
action_min,0.0
action_max,1.0
nactions,1
env,PriceState
dir,C:\Users\niki\Source\electricity_rl\Experiments
greedy,0
gamma,0.995
encoder,none
load,0
print_freq,20
batch_size,20
,0
id,22
agent,SAC
nplayers,1
max_steps,100
epochs,1000
action_min,0.0
action_max,1.0
nactions,1
env,PriceState
dir,C:\Users\niki\Source\electricity_rl\Experiments
greedy,0
gamma,0.995
encoder,none
load,0
print_freq,20
batch_size,20
,0
id,20
agent,SAC
nplayers,1
max_steps,100
epochs,1000
action_min,0.0
action_max,1.0
nactions,1
env,PriceState
dir,C:\Users\niki\Source\electricity_rl\Experiments
greedy,0
gamma,0.995
encoder,none
load,0
print_freq,20
batch_size,20
,0
id,21
agent,SAC
nplayers,1
max_steps,100
epochs,1000
action_min,0.0
action_max,1.0
nactions,1
env,PriceState
dir,C:\Users\niki\Source\electricity_rl\Experiments
greedy,0
gamma,0.995
encoder,none
load,0
print_freq,20
batch_size,20
,0
id,22
agent,SAC
nplayers,1
max_steps,100
epochs,1000
action_min,0.0
action_max,1.0
nactions,1
env,PriceState
dir,C:\Users\niki\Source\electricity_rl\Experiments
greedy,0
gamma,0.995
encoder,none
load,0
print_freq,20
batch_size,20
,0
id,23
agent,SAC
nplayers,1
max_steps,100
epochs,1000
action_min,0.0
action_max,1.0
nactions,1
env,PriceState
dir,C:\Users\niki\Source\electricity_rl\Experiments
greedy,0
gamma,0.995
encoder,none
load,0
print_freq,20
batch_size,20
,0
id,24
agent,SAC
nplayers,1
max_steps,100
epochs,1000
action_min,0.0
action_max,1.0
nactions,1
env,PriceState
dir,C:\Users\niki\Source\electricity_rl\Experiments
greedy,0
gamma,0.995
encoder,none
load,0
print_freq,20
batch_size,20
,0
id,25
agent,SAC
nplayers,2
max_steps,100
epochs,1000
action_min,0.0
action_max,1.0
nactions,1
env,PriceState
dir,C:\Users\niki\Source\electricity_rl\Experiments
greedy,0
gamma,0.995
encoder,none
load,0
print_freq,20
batch_size,20
,0
id,26
agent,SAC
nplayers,2
max_steps,100
epochs,1000
action_min,0.0
action_max,1.0
nactions,1
env,PriceState
dir,C:\Users\niki\Source\electricity_rl\Experiments
greedy,0
gamma,0.995
encoder,none
load,0
print_freq,20
batch_size,20
,0
id,27
agent,SAC
nplayers,2
max_steps,100
epochs,1000
action_min,0.0
action_max,1.0
nactions,1
env,PriceState
dir,C:\Users\niki\Source\electricity_rl\Experiments
greedy,0
gamma,0.995
encoder,none
load,0
print_freq,20
batch_size,20
,0
id,28
agent,SAC
nplayers,2
max_steps,100
epochs,1000
action_min,0.0
action_max,1.0
nactions,1
env,PriceState
dir,C:\Users\niki\Source\electricity_rl\Experiments
greedy,0
gamma,0.995
encoder,none
load,0
print_freq,20
batch_size,20
,0
id,29
agent,SAC
nplayers,2
max_steps,100
epochs,1000
action_min,0.0
action_max,1.0
nactions,1
env,PriceState
dir,C:\Users\niki\Source\electricity_rl\Experiments
greedy,0
gamma,0.995
encoder,none
load,0
print_freq,20
batch_size,20
,0
id,30
agent,SAC
nplayers,3
max_steps,100
epochs,1000
action_min,0.0
action_max,1.0
nactions,1
env,PriceState
dir,C:\Users\niki\Source\electricity_rl\Experiments
greedy,0
gamma,0.995
encoder,none
load,0
print_freq,20
batch_size,20
,0
id,31
agent,SAC
nplayers,3
max_steps,100
epochs,1000
action_min,0.0
action_max,1.0
nactions,1
env,PriceState
dir,C:\Users\niki\Source\electricity_rl\Experiments
greedy,0
gamma,0.995
encoder,none
load,0
print_freq,20
batch_size,20
,0
id,32
agent,SAC
nplayers,3
max_steps,100
epochs,1000
action_min,0.0
action_max,1.0
nactions,1
env,PriceState
dir,C:\Users\niki\Source\electricity_rl\Experiments
greedy,0
gamma,0.995
encoder,none
load,0
print_freq,20
batch_size,20
,0
id,33
agent,SAC
nplayers,3
max_steps,100
epochs,1000
action_min,0.0
action_max,1.0
nactions,1
env,PriceState
dir,C:\Users\niki\Source\electricity_rl\Experiments
greedy,0
gamma,0.995
encoder,none
load,0
print_freq,20
batch_size,20
,0
id,34
agent,SAC
nplayers,3
max_steps,100
epochs,1000
action_min,0.0
action_max,1.0
nactions,1
env,PriceState
dir,C:\Users\niki\Source\electricity_rl\Experiments
greedy,0
gamma,0.995
encoder,none
load,0
print_freq,20
batch_size,20
,0
id,35
agent,SAC
nplayers,4
max_steps,100
epochs,1000
action_min,0.0
action_max,1.0
nactions,1
env,PriceState
dir,C:\Users\niki\Source\electricity_rl\Experiments
greedy,0
gamma,0.995
encoder,none
load,0
print_freq,20
batch_size,20
,0
id,36
agent,SAC
nplayers,4
max_steps,100
epochs,1000
action_min,0.0
action_max,1.0
nactions,1
env,PriceState
dir,C:\Users\niki\Source\electricity_rl\Experiments
greedy,0
gamma,0.995
encoder,none
load,0
print_freq,20
batch_size,20
,0
id,37
agent,SAC
nplayers,4
max_steps,100
epochs,1000
action_min,0.0
action_max,1.0
nactions,1
env,PriceState
dir,C:\Users\niki\Source\electricity_rl\Experiments
greedy,0
gamma,0.995
encoder,none
load,0
print_freq,20
batch_size,20
,0
id,38
agent,SAC
nplayers,4
max_steps,100
epochs,1000
action_min,0.0
action_max,1.0
nactions,1
env,PriceState
dir,C:\Users\niki\Source\electricity_rl\Experiments
greedy,0
gamma,0.995
encoder,none
load,0
print_freq,20
batch_size,20
,0
id,39
agent,SAC
nplayers,4
max_steps,100
epochs,1000
action_min,0.0
action_max,1.0
nactions,1
env,PriceState
dir,C:\Users\niki\Source\electricity_rl\Experiments
greedy,0
gamma,0.995
encoder,none
load,0
print_freq,20
batch_size,20
,0
id,40
agent,SAC
nplayers,3
max_steps,100
epochs,5000
action_min,0.0
action_max,1.0
nactions,1
env,PriceState
dir,C:\Users\niki\Source\electricity_rl\Experiments
greedy,0
gamma,0.995
encoder,none
load,0
print_freq,20
batch_size,20
,0
id,41
agent,SAC
nplayers,3
max_steps,100
epochs,5000
action_min,0.0
action_max,1.0
nactions,1
env,PriceState
dir,C:\Users\niki\Source\electricity_rl\Experiments
greedy,0
gamma,0.995
encoder,none
load,0
print_freq,20
batch_size,20
,0
id,42
agent,SAC
nplayers,3
max_steps,100
epochs,5000
action_min,0.0
action_max,1.0
nactions,1
env,PriceState
dir,C:\Users\niki\Source\electricity_rl\Experiments
greedy,0
gamma,0.995
encoder,none
load,0
print_freq,20
batch_size,20
,0
id,43
agent,SAC
nplayers,3
max_steps,100
epochs,5000
action_min,0.0
action_max,1.0
nactions,1
env,PriceState
dir,C:\Users\niki\Source\electricity_rl\Experiments
greedy,0
gamma,0.995
encoder,none
load,0
print_freq,20
batch_size,20
,0
id,44
agent,SAC
nplayers,3
max_steps,100
epochs,5000
action_min,0.0
action_max,1.0
nactions,1
env,PriceState
dir,C:\Users\niki\Source\electricity_rl\Experiments
greedy,0
gamma,0.995
encoder,none
load,0
print_freq,20
batch_size,20
,0
id,45
agent,SAC
nplayers,4
max_steps,100
epochs,5000
action_min,0.0
action_max,1.0
nactions,1
env,PriceState
dir,C:\Users\niki\Source\electricity_rl\Experiments
greedy,0
gamma,0.995
encoder,none
load,0
print_freq,20
batch_size,20
,0
id,46
agent,SAC
nplayers,4
max_steps,100
epochs,5000
action_min,0.0
action_max,1.0
nactions,1
env,PriceState
dir,C:\Users\niki\Source\electricity_rl\Experiments
greedy,0
gamma,0.995
encoder,none
load,0
print_freq,20
batch_size,20
,0
id,47
agent,SAC
nplayers,4
max_steps,100
epochs,5000
action_min,0.0
action_max,1.0
nactions,1
env,PriceState
dir,C:\Users\niki\Source\electricity_rl\Experiments
greedy,0
gamma,0.995
encoder,none
load,0
print_freq,20
batch_size,20
,0
id,48
agent,SAC
nplayers,4
max_steps,100
epochs,5000
action_min,0.0
action_max,1.0
nactions,1
env,PriceState
dir,C:\Users\niki\Source\electricity_rl\Experiments
greedy,0
gamma,0.995
encoder,none
load,0
print_freq,20
batch_size,20
,0
id,49
agent,SAC
nplayers,4
max_steps,100
epochs,5000
action_min,0.0
action_max,1.0
nactions,1
env,PriceState
dir,C:\Users\niki\Source\electricity_rl\Experiments
greedy,0
gamma,0.995
encoder,none
load,0
print_freq,20
batch_size,20
,0
id,50
agent,SAC
nplayers,2
max_steps,100
epochs,5000
action_min,0.0
action_max,1.0
nactions,1
env,PriceState
dir,C:\Users\niki\Source\electricity_rl\Experiments
greedy,0
gamma,0.995
encoder,none
load,0
print_freq,20
batch_size,20
,0
id,51
agent,SAC
nplayers,2
max_steps,100
epochs,5000
action_min,0.0
action_max,1.0
nactions,1
env,PriceState
dir,C:\Users\niki\Source\electricity_rl\Experiments
greedy,0
gamma,0.995
encoder,none
load,0
print_freq,20
batch_size,20
,0
id,52
agent,SAC
nplayers,2
max_steps,100
epochs,5000
action_min,0.0
action_max,1.0
nactions,1
env,PriceState
dir,C:\Users\niki\Source\electricity_rl\Experiments
greedy,0
gamma,0.995
encoder,none
load,0
print_freq,20
batch_size,20
,0
id,53
agent,SAC
nplayers,2
max_steps,100
epochs,5000
action_min,0.0
action_max,1.0
nactions,1
env,PriceState
dir,C:\Users\niki\Source\electricity_rl\Experiments
greedy,0
gamma,0.995
encoder,none
load,0
print_freq,20
batch_size,20
,0
id,54
agent,SAC
nplayers,2
max_steps,100
epochs,5000
action_min,0.0
action_max,1.0
nactions,1
env,PriceState
dir,C:\Users\niki\Source\electricity_rl\Experiments
greedy,0
gamma,0.995
encoder,none
load,0
print_freq,20
batch_size,20
,0
id,55
agent,ActorCritic
nplayers,2
max_steps,100
epochs,10000
action_min,0.0
action_max,1.0
nactions,100
greedy,0
env,PriceState
dir,C:\Users\niki\Source\electricity_rl\Experiments
gamma,0.995
encoder,none
load,0
print_freq,20
batch_size,20
,0
id,56
agent,ActorCritic
nplayers,2
max_steps,100
epochs,10000
action_min,0.0
action_max,1.0
nactions,100
greedy,0
env,PriceState
dir,C:\Users\niki\Source\electricity_rl\Experiments
gamma,0.995
encoder,none
load,0
print_freq,20
batch_size,20
,0
id,57
agent,ActorCritic
nplayers,2
max_steps,100
epochs,10000
action_min,0.0
action_max,1.0
nactions,100
greedy,0
env,PriceState
dir,C:\Users\niki\Source\electricity_rl\Experiments
gamma,0.995
encoder,none
load,0
print_freq,20
batch_size,20
,0
id,58
agent,ActorCritic
nplayers,2
max_steps,100
epochs,10000
action_min,0.0
action_max,1.0
nactions,100
greedy,0
env,PriceState
dir,C:\Users\niki\Source\electricity_rl\Experiments
gamma,0.995
encoder,none
load,0
print_freq,20
batch_size,20
,0
id,59
agent,ActorCritic
nplayers,2
max_steps,100
epochs,10000
action_min,0.0
action_max,1.0
nactions,100
greedy,0
env,PriceState
dir,C:\Users\niki\Source\electricity_rl\Experiments
gamma,0.995
encoder,none
load,0
print_freq,20
batch_size,20
,0
id,60
agent,ActorCritic
nplayers,2
max_steps,100
epochs,10000
action_min,0.0
action_max,1.0
nactions,100
greedy,1
env,PriceState
dir,C:\Users\niki\Source\electricity_rl\Experiments
gamma,0.995
encoder,none
load,0
print_freq,20
batch_size,20
,0
id,61
agent,ActorCritic
nplayers,2
max_steps,100
epochs,10000
action_min,0.0
action_max,1.0
nactions,100
greedy,1
env,PriceState
dir,C:\Users\niki\Source\electricity_rl\Experiments
gamma,0.995
encoder,none
load,0
print_freq,20
batch_size,20
,0
id,62
agent,ActorCritic
nplayers,2
max_steps,100
epochs,10000
action_min,0.0
action_max,1.0
nactions,100
greedy,1
env,PriceState
dir,C:\Users\niki\Source\electricity_rl\Experiments
gamma,0.995
encoder,none
load,0
print_freq,20
batch_size,20
,0
id,63
agent,ActorCritic
nplayers,2
max_steps,100
epochs,10000
action_min,0.0
action_max,1.0
nactions,100
greedy,1
env,PriceState
dir,C:\Users\niki\Source\electricity_rl\Experiments
gamma,0.995
encoder,none
load,0
print_freq,20
batch_size,20
,0
id,64
agent,ActorCritic
nplayers,2
max_steps,100
epochs,10000
action_min,0.0
action_max,1.0
nactions,100
greedy,1
env,PriceState
dir,C:\Users\niki\Source\electricity_rl\Experiments
gamma,0.995
encoder,none
load,0
print_freq,20
batch_size,20
,0
id,65
agent,SAC
nplayers,2
max_steps,100
epochs,10000
action_min,0.0
action_max,1.0
nactions,1
greedy,0
env,PriceState
dir,C:\Users\niki\Source\electricity_rl\Experiments
gamma,0.995
encoder,none
load,0
print_freq,20
batch_size,20
,0
id,66
agent,SAC
nplayers,2
max_steps,100
epochs,10000
action_min,0.0
action_max,1.0
nactions,1
greedy,0
env,PriceState
dir,C:\Users\niki\Source\electricity_rl\Experiments
gamma,0.995
encoder,none
load,0
print_freq,20
batch_size,20
,0
id,67
agent,SAC
nplayers,2
max_steps,100
epochs,10000
action_min,0.0
action_max,1.0
nactions,1
greedy,0
env,PriceState
dir,C:\Users\niki\Source\electricity_rl\Experiments
gamma,0.995
encoder,none
load,0
print_freq,20
batch_size,20
,0
id,68
agent,SAC
nplayers,2
max_steps,100
epochs,10000
action_min,0.0
action_max,1.0
nactions,1
greedy,0
env,PriceState
dir,C:\Users\niki\Source\electricity_rl\Experiments
gamma,0.995
encoder,none
load,0
print_freq,20
batch_size,20
,0
id,69
agent,SAC
nplayers,2
max_steps,100
epochs,10000
action_min,0.0
action_max,1.0
nactions,1
greedy,0
env,PriceState
dir,C:\Users\niki\Source\electricity_rl\Experiments
gamma,0.995
encoder,none
load,0
print_freq,20
batch_size,20
,0
id,70
agent,SAC
nplayers,2
max_steps,100
epochs,10000
action_min,0.0
action_max,1.0
nactions,1
greedy,1
env,PriceState
dir,C:\Users\niki\Source\electricity_rl\Experiments
gamma,0.995
encoder,none
load,0
print_freq,20
batch_size,20
,0
id,71
agent,SAC
nplayers,2
max_steps,100
epochs,10000
action_min,0.0
action_max,1.0
nactions,1
greedy,1
env,PriceState
dir,C:\Users\niki\Source\electricity_rl\Experiments
gamma,0.995
encoder,none
load,0
print_freq,20
batch_size,20
,0
id,72
agent,SAC
nplayers,2
max_steps,100
epochs,10000
action_min,0.0
action_max,1.0
nactions,1
greedy,1
env,PriceState
dir,C:\Users\niki\Source\electricity_rl\Experiments
gamma,0.995
encoder,none
load,0
print_freq,20
batch_size,20
,0
id,73
agent,SAC
nplayers,2
max_steps,100
epochs,10000
action_min,0.0
action_max,1.0
nactions,1
greedy,1
env,PriceState
dir,C:\Users\niki\Source\electricity_rl\Experiments
gamma,0.995
encoder,none
load,0
print_freq,20
batch_size,20
,0
id,74
agent,SAC
nplayers,2
max_steps,100
epochs,10000
action_min,0.0
action_max,1.0
nactions,1
greedy,1
env,PriceState
dir,C:\Users\niki\Source\electricity_rl\Experiments
gamma,0.995
encoder,none
load,0
print_freq,20
batch_size,20
,0
id,75
agent,QTable
nplayers,1
max_steps,100
epochs,1000
action_min,0.0
action_max,1.0
nactions,100
greedy,0
nprices,100
env,PriceState
dir,C:\Users\niki\Source\electricity_rl\Experiments
gamma,0.995
load,0
print_freq,20
batch_size,20
,0
id,75
agent,QTable
nplayers,1
max_steps,100
epochs,1000
action_min,0.0
action_max,1.0
nactions,100
greedy,0
nprices,100
env,PriceState
dir,C:\Users\niki\Source\electricity_rl\Experiments
gamma,0.995
load,0
print_freq,20
batch_size,20
,0
id,75
agent,QTable
nplayers,1
max_steps,100
epochs,1000
action_min,0.0
action_max,1.0
nactions,100
greedy,0
nprices,100
env,PriceState
dir,C:\Users\niki\Source\electricity_rl\Experiments
gamma,0.995
load,0
print_freq,20
batch_size,20
,0
id,75
agent,QTable
nplayers,1
max_steps,100
epochs,1000
action_min,0.0
action_max,1.0
nactions,100
greedy,0
nprices,100
env,PriceState
dir,C:\Users\niki\Source\electricity_rl\Experiments
gamma,0.995
load,0
print_freq,20
batch_size,20
,0
id,75
agent,QTable
nplayers,1
max_steps,100
epochs,1000
action_min,0.0
action_max,1.0
nactions,100
greedy,0
nprices,100
env,PriceState
dir,C:\Users\niki\Source\electricity_rl\Experiments
gamma,0.995
load,0
print_freq,20
batch_size,20
,0
id,75
agent,QTable
nplayers,1
max_steps,100
epochs,1000
action_min,0.0
action_max,1.0
nactions,100
greedy,0
nprices,100
env,PriceState
dir,C:\Users\niki\Source\electricity_rl\Experiments
gamma,0.995
load,0
print_freq,20
batch_size,20
,0
id,75
agent,QTable
nplayers,1
max_steps,100
epochs,1000
action_min,0.0
action_max,1.0
nactions,100
greedy,0
nprices,100
env,PriceState
dir,C:\Users\niki\Source\electricity_rl\Experiments
gamma,0.995
load,0
print_freq,20
batch_size,20
,0
id,75
agent,QTable
nplayers,1
max_steps,100
epochs,1000
action_min,0.0
action_max,1.0
nactions,100
greedy,0
nprices,100
env,PriceState
dir,C:\Users\niki\Source\electricity_rl\Experiments
gamma,0.995
load,0
print_freq,20
batch_size,20
,0
id,75
agent,QTable
nplayers,1
max_steps,100
epochs,1000
action_min,0.0
action_max,1.0
nactions,100
greedy,0
nprices,100
env,PriceState
dir,C:\Users\niki\Source\electricity_rl\Experiments
gamma,0.995
load,0
print_freq,20
batch_size,20
,0
id,75
agent,QTable
nplayers,1
max_steps,100
epochs,1000
action_min,0.0
action_max,1.0
nactions,100
greedy,0
nprices,100
env,PriceState
dir,C:\Users\niki\Source\electricity_rl\Experiments
gamma,0.995
load,0
print_freq,20
batch_size,20
,0
id,75
agent,QTable
nplayers,1
max_steps,100
epochs,1000
action_min,0.0
action_max,1.0
nactions,100
greedy,0
nprices,100
env,PriceState
dir,C:\Users\niki\Source\electricity_rl\Experiments
gamma,0.995
load,0
print_freq,20
batch_size,20
,0
id,75
agent,QTable
nplayers,1
max_steps,100
epochs,1000
action_min,0.0
action_max,1.0
nactions,100
greedy,0
nprices,100
env,PriceState
dir,C:\Users\niki\Source\electricity_rl\Experiments
gamma,0.995
load,0
print_freq,20
batch_size,20
,0
id,75
agent,QTable
nplayers,1
max_steps,100
epochs,1000
action_min,0.0
action_max,1.0
nactions,100
greedy,0
nprices,100
env,PriceState
dir,C:\Users\niki\Source\electricity_rl\Experiments
gamma,0.995
load,0
print_freq,20
batch_size,20
,0
id,75
agent,QTable
nplayers,1
max_steps,100
epochs,1000
action_min,0.0
action_max,1.0
nactions,100
greedy,0
nprices,100
env,PriceState
dir,C:\Users\niki\Source\electricity_rl\Experiments
gamma,0.995
load,0
print_freq,20
batch_size,20
,0
id,75
agent,QTable
nplayers,1
max_steps,100
epochs,1000
action_min,0.0
action_max,1.0
nactions,100
greedy,0
nprices,100
env,PriceState
dir,C:\Users\niki\Source\electricity_rl\Experiments
gamma,0.995
load,0
print_freq,20
batch_size,20
,0
id,75
agent,QTable
nplayers,1
max_steps,100
epochs,1000
action_min,0.0
action_max,1.0
nactions,100
greedy,0
nprices,100
env,PriceState
dir,C:\Users\niki\Source\electricity_rl\Experiments
gamma,0.995
load,0
print_freq,20
batch_size,20
,0
id,75
agent,QTable
nplayers,1
max_steps,100
epochs,1000
action_min,0.0
action_max,1.0
nactions,100
greedy,0
nprices,100
env,PriceState
dir,C:\Users\niki\Source\electricity_rl\Experiments
gamma,0.995
load,0
print_freq,20
batch_size,20
,0
id,75
agent,QTable
nplayers,1
max_steps,100
epochs,1000
action_min,0.0
action_max,1.0
nactions,100
greedy,0
nprices,100
env,PriceState
dir,C:\Users\niki\Source\electricity_rl\Experiments
gamma,0.995
load,0
print_freq,20
batch_size,20
,0
id,75
agent,QTable
nplayers,1
max_steps,100
epochs,1000
action_min,0.0
action_max,1.0
nactions,100
greedy,0
nprices,100
env,PriceState
dir,C:\Users\niki\Source\electricity_rl\Experiments
gamma,0.995
load,0
print_freq,20
batch_size,20
,0
id,75
agent,QTable
nplayers,1
max_steps,100
epochs,1000
action_min,0.0
action_max,1.0
nactions,100
greedy,0
nprices,100
env,PriceState
dir,C:\Users\niki\Source\electricity_rl\Experiments
gamma,0.995
load,0
print_freq,20
batch_size,20
,0
id,75
agent,QTable
nplayers,1
max_steps,100
epochs,1000
action_min,0.0
action_max,1.0
nactions,100
greedy,0
nprices,100
env,PriceState
dir,C:\Users\niki\Source\electricity_rl\Experiments
gamma,0.995
load,0
print_freq,20
batch_size,20
,0
id,75
agent,QTable
nplayers,1
max_steps,100
epochs,1000
action_min,0.0
action_max,1.0
nactions,100
greedy,0
nprices,100
env,PriceState
dir,C:\Users\niki\Source\electricity_rl\Experiments
gamma,0.995
load,0
print_freq,20
batch_size,20
,0
id,75
agent,QTable
nplayers,1
max_steps,100
epochs,1000
action_min,0.0
action_max,1.0
nactions,100
greedy,0
nprices,100
env,PriceState
dir,C:\Users\niki\Source\electricity_rl\Experiments
gamma,0.995
load,0
print_freq,20
batch_size,20
,0
id,75
agent,QTable
nplayers,1
max_steps,100
epochs,1000
action_min,0.0
action_max,1.0
nactions,100
greedy,0
nprices,100
env,PriceState
dir,C:\Users\niki\Source\electricity_rl\Experiments
gamma,0.995
load,0
print_freq,20
batch_size,20
,0
id,75
agent,QTable
nplayers,1
max_steps,100
epochs,1000
action_min,0.0
action_max,1.0
nactions,100
greedy,0
nprices,100
env,PriceState
dir,C:\Users\niki\Source\electricity_rl\Experiments
gamma,0.995
load,0
print_freq,20
batch_size,20
,0
id,75
agent,QTable
nplayers,1
max_steps,100
epochs,1000
action_min,0.0
action_max,1.0
nactions,100
greedy,0
nprices,100
env,PriceState
dir,C:\Users\niki\Source\electricity_rl\Experiments
gamma,0.995
load,0
print_freq,20
batch_size,20
,0
id,75
agent,QTable
nplayers,1
max_steps,100
epochs,1000
action_min,0.0
action_max,1.0
nactions,100
greedy,0
nstates,100
env,PriceState
dir,C:\Users\niki\Source\electricity_rl\Experiments
gamma,0.995
load,0
print_freq,20
batch_size,20
,0
id,75
agent,QTable
nplayers,1
max_steps,100
epochs,1000
action_min,0.0
action_max,1.0
nactions,100
greedy,0
nstates,100
env,PriceState
dir,C:\Users\niki\Source\electricity_rl\Experiments
gamma,0.995
load,0
print_freq,20
batch_size,20
,0
id,75
agent,QTable
nplayers,1
max_steps,100
epochs,1000
action_min,0.0
action_max,1.0
nactions,100
greedy,0
nstates,100
env,PriceState
dir,C:\Users\niki\Source\electricity_rl\Experiments
gamma,0.995
load,0
print_freq,20
batch_size,20
,0
id,75
agent,QTable
nplayers,1
max_steps,100
epochs,1000
action_min,0.0
action_max,1.0
nactions,100
greedy,0
nstates,100
env,PriceState
dir,C:\Users\niki\Source\electricity_rl\Experiments
gamma,0.995
load,0
print_freq,20
batch_size,20
,0
id,75
agent,QTable
nplayers,1
max_steps,100
epochs,100
action_min,0.0
action_max,1.0
nactions,100
greedy,0
nstates,100
env,PriceState
dir,C:\Users\niki\Source\electricity_rl\Experiments
gamma,0.995
load,0
print_freq,20
batch_size,20
,0
id,75
agent,QTable
nplayers,1
max_steps,100
epochs,100
action_min,0.0
action_max,1.0
nactions,100
greedy,0
nstates,100
env,PriceState
dir,C:\Users\niki\Source\electricity_rl\Experiments
gamma,0.995
load,0
print_freq,20
batch_size,20
,0
id,75
agent,QTable
nplayers,1
max_steps,100
epochs,100
action_min,0.0
action_max,1.0
nactions,100
greedy,0
nstates,100
env,PriceState
dir,C:\Users\niki\Source\electricity_rl\Experiments
gamma,0.995
load,0
print_freq,20
batch_size,20
,0
id,75
agent,QTable
nplayers,1
max_steps,100
epochs,5000
action_min,0.0
action_max,1.0
nactions,100
greedy,0
nstates,100
env,PriceState
dir,C:\Users\niki\Source\electricity_rl\Experiments
gamma,0.995
load,0
print_freq,20
batch_size,20
,0
id,75
agent,QTable
nplayers,1
max_steps,100
epochs,5000
action_min,0.0
action_max,1.0
nactions,100
greedy,0
nstates,100
env,PriceState
dir,C:\Users\niki\Source\electricity_rl\Experiments
gamma,0.995
load,0
print_freq,20
batch_size,20
,0
id,75
agent,QTable
nplayers,1
max_steps,100
epochs,5000
action_min,0.0
action_max,1.0
nactions,100
greedy,0
nstates,100
env,PriceState
dir,C:\Users\niki\Source\electricity_rl\Experiments
gamma,0.995
load,0
print_freq,20
batch_size,20
,0
id,76
agent,QTable
nplayers,2
max_steps,100
epochs,5000
action_min,0.0
action_max,1.0
nactions,100
greedy,0
nstates,100
env,PriceState
dir,C:\Users\niki\Source\electricity_rl\Experiments
gamma,0.995
load,0
print_freq,20
batch_size,20
,0
id,76
agent,QTable
nplayers,2
max_steps,100
epochs,10000
action_min,0.0
action_max,1.0
nactions,100
greedy,0
nstates,100
env,PriceState
dir,C:\Users\niki\Source\electricity_rl\Experiments
gamma,0.995
load,0
print_freq,20
batch_size,20
,0
id,76
agent,QTable
nplayers,2
max_steps,100
epochs,10000
action_min,0.0
action_max,1.0
nactions,100
greedy,0
nstates,100
env,PriceState
dir,C:\Users\niki\Source\electricity_rl\Experiments
gamma,0.995
load,0
print_freq,20
batch_size,20
,0
id,76
agent,QTable
nplayers,2
max_steps,100
epochs,10000
action_min,0.0
action_max,1.0
nactions,100
greedy,0
nstates,100
env,PriceState
dir,C:\Users\niki\Source\electricity_rl\Experiments
gamma,0.995
load,0
print_freq,20
batch_size,20
,0
id,76
agent,QTable
nplayers,2
max_steps,100
epochs,10
action_min,0.0
action_max,1.0
nactions,100
greedy,0
nstates,100
env,PriceState
dir,C:\Users\niki\Source\electricity_rl\Experiments
gamma,0.995
load,0
print_freq,20
batch_size,20
,0
id,76
agent,QTable
nplayers,2
max_steps,100
epochs,10000
action_min,0.0
action_max,1.0
nactions,100
greedy,0
nstates,100
env,PriceState
dir,C:\Users\niki\Source\electricity_rl\Experiments
gamma,0.995
load,0
print_freq,20
batch_size,20
,0
id,76
agent,QTable
nplayers,2
max_steps,100
epochs,10000
action_min,0.0
action_max,1.0
nactions,100
greedy,0
nstates,100
env,PriceState
dir,C:\Users\niki\Source\electricity_rl\Experiments
gamma,0.995
load,0
print_freq,20
batch_size,20
,0
id,76
agent,QTable
nplayers,2
max_steps,100
epochs,10000
action_min,0.0
action_max,1.0
nactions,100
greedy,0
nstates,100
env,PriceState
dir,C:\Users\niki\Source\electricity_rl\Experiments
gamma,0.995
load,0
print_freq,20
batch_size,20
,0
id,76
agent,QTable
nplayers,2
max_steps,100
epochs,10000
action_min,0.0
action_max,1.0
nactions,100
greedy,0
nstates,100
env,PriceState
dir,C:\Users\niki\Source\electricity_rl\Experiments
gamma,0.995
load,0
print_freq,20
batch_size,20
,0
id,76
agent,QTable
nplayers,2
max_steps,100
epochs,10000
action_min,0.0
action_max,1.0
nactions,20
greedy,0
nstates,20
env,PriceState
dir,C:\Users\niki\Source\electricity_rl\Experiments
gamma,0.995
load,0
print_freq,20
batch_size,20
,0
id,76
agent,QTable
nplayers,2
max_steps,100
epochs,10000
action_min,0.0
action_max,1.0
nactions,20
greedy,0
nstates,20
env,PriceState
dir,C:\Users\niki\Source\electricity_rl\Experiments
gamma,0.995
load,0
print_freq,20
batch_size,20
,0
id,76
agent,QTable
nplayers,2
max_steps,100
epochs,10000
action_min,0.0
action_max,1.0
nactions,20
greedy,0
nstates,20
env,PriceState
dir,C:\Users\niki\Source\electricity_rl\Experiments
gamma,0.995
load,0
print_freq,20
batch_size,20
,0
id,76
agent,QTable
nplayers,2
max_steps,100
epochs,10000
action_min,0.0
action_max,1.0
nactions,20
greedy,0
nstates,20
env,PriceState
dir,C:\Users\niki\Source\electricity_rl\Experiments
gamma,0.995
load,0
print_freq,20
batch_size,20
,0
id,76
agent,QTable
nplayers,2
max_steps,100
epochs,10000
action_min,0.0
action_max,1.0
nactions,20
greedy,0
nstates,20
env,PriceState
dir,C:\Users\niki\Source\electricity_rl\Experiments
gamma,0.995
load,0
print_freq,20
batch_size,20
,0
id,76
agent,QTable
nplayers,2
max_steps,100
epochs,10000
action_min,0.0
action_max,1.0
nactions,20
greedy,0
nstates,20
env,PriceState
dir,C:\Users\niki\Source\electricity_rl\Experiments
gamma,0.995
load,0
print_freq,20
batch_size,20
,0
id,76
agent,QTable
nplayers,2
max_steps,100
epochs,10000
action_min,0.0
action_max,1.0
nactions,20
greedy,0
nstates,20
env,PriceState
dir,C:\Users\niki\Source\electricity_rl\Experiments
gamma,0.995
load,0
print_freq,20
batch_size,20
,0
id,76
agent,QTable
nplayers,2
max_steps,100
epochs,10000
action_min,0.0
action_max,1.0
nactions,20
greedy,0
nstates,20
env,PriceState
dir,C:\Users\niki\Source\electricity_rl\Experiments
gamma,0.995
load,0
print_freq,20
batch_size,20
,0
id,76
agent,QTable
nplayers,2
max_steps,100
epochs,10000
action_min,0.0
action_max,1.0
nactions,20
greedy,0
nstates,20
env,PriceState
dir,C:\Users\niki\Source\electricity_rl\Experiments
gamma,0.995
load,0
print_freq,20
batch_size,20
,0
id,76
agent,QTable
nplayers,2
max_steps,100
epochs,10000
action_min,0.0
action_max,1.0
nactions,100
greedy,0
nstates,100
env,PriceState
dir,C:\Users\niki\Source\electricity_rl\Experiments
gamma,0.995
load,0
print_freq,20
batch_size,20
,0
id,76
agent,QTable
nplayers,2
max_steps,1000
epochs,10000
action_min,0.0
action_max,1.0
nactions,100
greedy,0
nstates,100
env,PriceState
dir,C:\Users\niki\Source\electricity_rl\Experiments
gamma,0.995
load,0
print_freq,20
batch_size,20
,0
id,76
agent,QTable
nplayers,2
max_steps,100
epochs,10000
action_min,0.0
action_max,1.0
nactions,100
greedy,0
nstates,100
env,PriceState
dir,C:\Users\niki\Source\electricity_rl\Experiments
gamma,0.995
load,0
print_freq,20
batch_size,20
,0
id,76
agent,QTable
nplayers,2
max_steps,100
epochs,10000
action_min,0.1
action_max,0.4
nactions,20
greedy,0
nstates,30
env,PriceState
dir,C:\Users\niki\Source\electricity_rl\Experiments
gamma,0.995
load,0
print_freq,20
batch_size,20
,0
id,76
agent,QTable
nplayers,2
max_steps,100
epochs,10000
action_min,0.1
action_max,0.4
nactions,20
greedy,0
nstates,30
env,PriceState
dir,C:\Users\niki\Source\electricity_rl\Experiments
gamma,0.995
load,0
print_freq,20
batch_size,20
,0
id,76
agent,QTable
nplayers,2
max_steps,100
epochs,10000
action_min,0.1
action_max,0.4
nactions,20
greedy,0
nstates,30
env,PriceState
dir,C:\Users\niki\Source\electricity_rl\Experiments
gamma,0.995
load,0
print_freq,20
batch_size,20
,0
id,76
agent,QTable
nplayers,2
max_steps,100
epochs,10000
action_min,0.1
action_max,0.4
nactions,20
greedy,0
nstates,30
env,PriceState
dir,C:\Users\niki\Source\electricity_rl\Experiments
gamma,0.995
load,0
print_freq,20
batch_size,20
,0
id,76
agent,QTable
nplayers,2
max_steps,100
epochs,10000
action_min,0.0
action_max,1.0
nactions,100
greedy,0
nstates,100
env,PriceState
dir,C:\Users\niki\Source\electricity_rl\Experiments
gamma,0.995
load,0
print_freq,20
batch_size,20
,0
id,75
agent,SAC
nplayers,2
max_steps,100
epochs,10000
action_min,0.0
action_max,1.0
nactions,1
greedy,0
nstates,1
env,PriceState
dir,C:\Users\niki\Source\electricity_rl\Experiments
gamma,0.995
load,0
print_freq,20
batch_size,20
,0
id,76
agent,SAC
nplayers,2
max_steps,100
epochs,10000
action_min,0.0
action_max,1.0
nactions,1
greedy,0
nstates,1
env,PriceState
dir,C:\Users\niki\Source\electricity_rl\Experiments
gamma,0.995
load,0
print_freq,20
batch_size,20
,0
id,77
agent,SAC
nplayers,2
max_steps,100
epochs,10000
action_min,0.0
action_max,1.0
nactions,1
greedy,0
nstates,1
env,PriceState
dir,C:\Users\niki\Source\electricity_rl\Experiments
gamma,0.995
load,0
print_freq,20
batch_size,20
,0
id,78
agent,SAC
nplayers,2
max_steps,100
epochs,10000
action_min,0.0
action_max,1.0
nactions,1
greedy,0
nstates,1
env,PriceState
dir,C:\Users\niki\Source\electricity_rl\Experiments
gamma,0.995
load,0
print_freq,20
batch_size,20
,0
id,79
agent,SAC
nplayers,2
max_steps,100
epochs,10000
action_min,0.0
action_max,1.0
nactions,1
greedy,0
nstates,1
env,PriceState
dir,C:\Users\niki\Source\electricity_rl\Experiments
gamma,0.995
load,0
print_freq,20
batch_size,20
,0
id,80
agent,SAC
nplayers,2
max_steps,100
epochs,10000
action_min,0.0
action_max,1.0
nactions,1
greedy,0
nstates,1
env,PriceState
dir,C:\Users\niki\Source\electricity_rl\Experiments
gamma,0.995
load,0
print_freq,20
batch_size,20
,0
id,81
agent,SAC
nplayers,2
max_steps,100
epochs,10000
action_min,0.0
action_max,1.0
nactions,1
greedy,0
nstates,1
env,PriceState
dir,C:\Users\niki\Source\electricity_rl\Experiments
gamma,0.995
load,0
print_freq,20
batch_size,20
,0
id,82
agent,SAC
nplayers,2
max_steps,100
epochs,10000
action_min,0.0
action_max,1.0
nactions,1
greedy,0
nstates,1
env,PriceState
dir,C:\Users\niki\Source\electricity_rl\Experiments
gamma,0.995
load,0
print_freq,20
batch_size,20
,0
id,83
agent,SAC
nplayers,2
max_steps,100
epochs,10000
action_min,0.0
action_max,1.0
nactions,1
greedy,0
nstates,1
env,PriceState
dir,C:\Users\niki\Source\electricity_rl\Experiments
gamma,0.995
load,0
print_freq,20
batch_size,20
,0
id,84
agent,SAC
nplayers,2
max_steps,100
epochs,10000
action_min,0.0
action_max,1.0
nactions,1
greedy,0
nstates,1
env,PriceState
dir,C:\Users\niki\Source\electricity_rl\Experiments
gamma,0.995
load,0
print_freq,20
batch_size,20
,0
id,85
agent,SAC
nplayers,2
max_steps,100
epochs,10000
action_min,0.0
action_max,1.0
nactions,1
greedy,0
nstates,1
env,PriceState
dir,C:\Users\niki\Source\electricity_rl\Experiments
gamma,0.995
load,0
print_freq,20
batch_size,20
,0
id,86
agent,SAC
nplayers,2
max_steps,100
epochs,10000
action_min,0.0
action_max,1.0
nactions,1
greedy,0
nstates,1
env,PriceState
dir,C:\Users\niki\Source\electricity_rl\Experiments
gamma,0.995
load,0
print_freq,20
batch_size,20
,0
id,87
agent,SAC
nplayers,2
max_steps,100
epochs,10000
action_min,0.0
action_max,1.0
nactions,1
greedy,0
nstates,1
env,PriceState
dir,C:\Users\niki\Source\electricity_rl\Experiments
gamma,0.995
load,0
print_freq,20
batch_size,20
,0
id,88
agent,SAC
nplayers,2
max_steps,100
epochs,10000
action_min,0.0
action_max,1.0
nactions,1
greedy,0
nstates,1
env,PriceState
dir,C:\Users\niki\Source\electricity_rl\Experiments
gamma,0.995
load,0
print_freq,20
batch_size,20
,0
id,89
agent,SAC
nplayers,2
max_steps,100
epochs,10000
action_min,0.0
action_max,1.0
nactions,1
greedy,0
nstates,1
env,PriceState
dir,C:\Users\niki\Source\electricity_rl\Experiments
gamma,0.995
load,0
print_freq,20
batch_size,20
,0
id,90
agent,ActorCritic
nplayers,2
max_steps,100
epochs,10000
action_min,0.0
action_max,1.0
nactions,100
greedy,0
nstates,1
env,PriceState
dir,C:\Users\niki\Source\electricity_rl\Experiments
gamma,0.995
load,0
print_freq,20
batch_size,20
,0
id,91
agent,ActorCritic
nplayers,2
max_steps,100
epochs,10000
action_min,0.0
action_max,1.0
nactions,100
greedy,0
nstates,1
env,PriceState
dir,C:\Users\niki\Source\electricity_rl\Experiments
gamma,0.995
load,0
print_freq,20
batch_size,20
,0
id,92
agent,ActorCritic
nplayers,2
max_steps,100
epochs,10000
action_min,0.0
action_max,1.0
nactions,100
greedy,0
nstates,1
env,PriceState
dir,C:\Users\niki\Source\electricity_rl\Experiments
gamma,0.995
load,0
print_freq,20
batch_size,20
,0
id,93
agent,ActorCritic
nplayers,2
max_steps,100
epochs,10000
action_min,0.0
action_max,1.0
nactions,100
greedy,0
nstates,1
env,PriceState
dir,C:\Users\niki\Source\electricity_rl\Experiments
gamma,0.995
load,0
print_freq,20
batch_size,20
,0
id,94
agent,ActorCritic
nplayers,2
max_steps,100
epochs,10000
action_min,0.0
action_max,1.0
nactions,100
greedy,0
nstates,1
env,PriceState
dir,C:\Users\niki\Source\electricity_rl\Experiments
gamma,0.995
load,0
print_freq,20
batch_size,20
,0
id,95
agent,ActorCritic
nplayers,2
max_steps,100
epochs,10000
action_min,0.0
action_max,1.0
nactions,100
greedy,0
nstates,1
env,PriceState
dir,C:\Users\niki\Source\electricity_rl\Experiments
gamma,0.995
load,0
print_freq,20
batch_size,20
,0
id,96
agent,ActorCritic
nplayers,2
max_steps,100
epochs,10000
action_min,0.0
action_max,1.0
nactions,100
greedy,0
nstates,1
env,PriceState
dir,C:\Users\niki\Source\electricity_rl\Experiments
gamma,0.995
load,0
print_freq,20
batch_size,20
,0
id,97
agent,ActorCritic
nplayers,2
max_steps,100
epochs,10000
action_min,0.0
action_max,1.0
nactions,100
greedy,0
nstates,1
env,PriceState
dir,C:\Users\niki\Source\electricity_rl\Experiments
gamma,0.995
load,0
print_freq,20
batch_size,20
,0
id,98
agent,ActorCritic
nplayers,2
max_steps,100
epochs,10000
action_min,0.0
action_max,1.0
nactions,100
greedy,0
nstates,1
env,PriceState
dir,C:\Users\niki\Source\electricity_rl\Experiments
gamma,0.995
load,0
print_freq,20
batch_size,20
,0
id,99
agent,ActorCritic
nplayers,2
max_steps,100
epochs,10000
action_min,0.0
action_max,1.0
nactions,100
greedy,0
nstates,1
env,PriceState
dir,C:\Users\niki\Source\electricity_rl\Experiments
gamma,0.995
load,0
print_freq,20
batch_size,20
,0
id,100
agent,ActorCritic
nplayers,2
max_steps,100
epochs,10000
action_min,0.0
action_max,1.0
nactions,100
greedy,0
nstates,1
env,PriceState
dir,C:\Users\niki\Source\electricity_rl\Experiments
gamma,0.995
load,0
print_freq,20
batch_size,20
,0
id,101
agent,ActorCritic
nplayers,2
max_steps,100
epochs,10000
action_min,0.0
action_max,1.0
nactions,100
greedy,0
nstates,1
env,PriceState
dir,C:\Users\niki\Source\electricity_rl\Experiments
gamma,0.995
load,0
print_freq,20
batch_size,20
,0
id,102
agent,ActorCritic
nplayers,2
max_steps,100
epochs,10000
action_min,0.0
action_max,1.0
nactions,100
greedy,0
nstates,1
env,PriceState
dir,C:\Users\niki\Source\electricity_rl\Experiments
gamma,0.995
load,0
print_freq,20
batch_size,20
,0
id,103
agent,ActorCritic
nplayers,2
max_steps,100
epochs,10000
action_min,0.0
action_max,1.0
nactions,100
greedy,0
nstates,1
env,PriceState
dir,C:\Users\niki\Source\electricity_rl\Experiments
gamma,0.995
load,0
print_freq,20
batch_size,20
,0
id,104
agent,ActorCritic
nplayers,2
max_steps,100
epochs,10000
action_min,0.0
action_max,1.0
nactions,100
greedy,0
nstates,1
env,PriceState
dir,C:\Users\niki\Source\electricity_rl\Experiments
gamma,0.995
load,0
print_freq,20
batch_size,20
,0
id,105
agent,"ActorCritic,SAC"
nplayers,1
max_steps,100
epochs,1000
action_min,0.0
action_max,1.0
nactions,100
greedy,0
nstates,1
env,PriceState
dir,C:\Users\niki\Source\electricity_rl\Experiments
gamma,0.995
load,0
print_freq,20
batch_size,20
,0
id,105
agent,"ActorCritic,SAC"
nplayers,1
max_steps,100
epochs,1000
action_min,0.0
action_max,1.0
nactions,100
greedy,0
nstates,1
env,PriceState
dir,C:\Users\niki\Source\electricity_rl\Experiments
gamma,0.995
load,0
print_freq,20
batch_size,20
,0
id,105
agent,"ActorCritic,SAC"
nplayers,1
max_steps,100
epochs,1000
action_min,0.0
action_max,1.0
nactions,100
greedy,0
nstates,1
env,PriceState
dir,C:\Users\niki\Source\electricity_rl\Experiments
gamma,0.995
load,0
print_freq,20
batch_size,20
,0
id,105
agent,"ActorCritic,SAC"
nplayers,1
max_steps,100
epochs,1000
action_min,0.0
action_max,1.0
nactions,100
greedy,0
nstates,1
env,PriceState
dir,C:\Users\niki\Source\electricity_rl\Experiments
gamma,0.995
load,0
print_freq,20
batch_size,20
,0
id,105
agent,"ActorCritic,SAC"
nplayers,1
max_steps,100
epochs,1000
action_min,0.0
action_max,1.0
nactions,100
greedy,0
nstates,1
env,PriceState
dir,C:\Users\niki\Source\electricity_rl\Experiments
gamma,0.995
load,0
print_freq,20
batch_size,20
,0
id,105
agent,"ActorCritic,SAC"
nplayers,1
max_steps,100
epochs,100
action_min,0.0
action_max,1.0
nactions,100
greedy,0
nstates,1
env,PriceState
dir,C:\Users\niki\Source\electricity_rl\Experiments
gamma,0.995
load,0
print_freq,20
batch_size,20
,0
id,105
agent,"ActorCritic,SAC"
nplayers,1
max_steps,100
epochs,100
action_min,0.0
action_max,1.0
nactions,100
greedy,0
nstates,1
env,PriceState
dir,C:\Users\niki\Source\electricity_rl\Experiments
gamma,0.995
load,0
print_freq,20
batch_size,20
,0
id,105
agent,"ActorCritic,SAC"
nplayers,1
max_steps,100
epochs,100
action_min,0.0
action_max,1.0
nactions,100
greedy,0
nstates,1
env,PriceState
dir,C:\Users\niki\Source\electricity_rl\Experiments
gamma,0.995
load,0
print_freq,20
batch_size,20
,0
id,105
agent,"ActorCritic,SAC"
nplayers,1
max_steps,100
epochs,100
action_min,0.0
action_max,1.0
nactions,100
greedy,0
nstates,1
env,PriceState
dir,C:\Users\niki\Source\electricity_rl\Experiments
gamma,0.995
load,0
print_freq,20
batch_size,20
,0
id,105
agent,"ActorCritic,SAC"
nplayers,1
max_steps,100
epochs,100
action_min,0.0
action_max,1.0
nactions,100
greedy,0
nstates,1
env,PriceState
dir,C:\Users\niki\Source\electricity_rl\Experiments
gamma,0.995
load,0
print_freq,20
batch_size,20
,0
id,105
agent,"ActorCritic,SAC"
nplayers,1
max_steps,100
epochs,10000
action_min,0.0
action_max,1.0
nactions,100
greedy,0
nstates,1
env,PriceState
dir,C:\Users\niki\Source\electricity_rl\Experiments
gamma,0.995
load,0
print_freq,20
batch_size,20
,0
id,105
agent,"ActorCritic,SAC"
nplayers,1
max_steps,100
epochs,10
action_min,0.0
action_max,1.0
nactions,100
greedy,0
nstates,1
env,PriceState
dir,C:\Users\niki\Source\electricity_rl\Experiments
gamma,0.995
load,0
print_freq,20
batch_size,20
,0
id,105
agent,"ActorCritic,SAC"
nplayers,1
max_steps,100
epochs,10
action_min,0.0
action_max,1.0
nactions,100
greedy,0
nstates,1
env,PriceState
dir,C:\Users\niki\Source\electricity_rl\Experiments
gamma,0.995
load,0
print_freq,20
batch_size,20
,0
id,105
agent,"ActorCritic,SAC"
nplayers,1
max_steps,100
epochs,10000
action_min,0.0
action_max,1.0
nactions,100
greedy,0
nstates,1
env,PriceState
dir,C:\Users\niki\Source\electricity_rl\Experiments
gamma,0.995
load,0
print_freq,20
batch_size,20
,0
id,75
agent,SAC
nplayers,2
max_steps,100
epochs,10000
action_min,0.0
action_max,1.0
nactions,1
greedy,0
nstates,1
env,PriceState
dir,C:\Users\niki\Source\electricity_rl\Experiments
gamma,0.995
load,0
print_freq,20
batch_size,20
,0
id,76
agent,SAC
nplayers,2
max_steps,100
epochs,10000
action_min,0.0
action_max,1.0
nactions,1
greedy,0
nstates,1
env,PriceState
dir,C:\Users\niki\Source\electricity_rl\Experiments
gamma,0.995
load,0
print_freq,20
batch_size,20
,0
id,77
agent,SAC
nplayers,2
max_steps,100
epochs,10000
action_min,0.0
action_max,1.0
nactions,1
greedy,0
nstates,1
env,PriceState
dir,C:\Users\niki\Source\electricity_rl\Experiments
gamma,0.995
load,0
print_freq,20
batch_size,20
,0
id,78
agent,SAC
nplayers,2
max_steps,100
epochs,10000
action_min,0.0
action_max,1.0
nactions,1
greedy,0
nstates,1
env,PriceState
dir,C:\Users\niki\Source\electricity_rl\Experiments
gamma,0.995
load,0
print_freq,20
batch_size,20
,0
id,79
agent,SAC
nplayers,2
max_steps,100
epochs,10000
action_min,0.0
action_max,1.0
nactions,1
greedy,0
nstates,1
env,PriceState
dir,C:\Users\niki\Source\electricity_rl\Experiments
gamma,0.995
load,0
print_freq,20
batch_size,20
,0
id,80
agent,SAC
nplayers,2
max_steps,100
epochs,10000
action_min,0.0
action_max,1.0
nactions,1
greedy,0
nstates,1
env,PriceState
dir,C:\Users\niki\Source\electricity_rl\Experiments
gamma,0.995
load,0
print_freq,20
batch_size,20
,0
id,81
agent,SAC
nplayers,2
max_steps,100
epochs,10000
action_min,0.0
action_max,1.0
nactions,1
greedy,0
nstates,1
env,PriceState
dir,C:\Users\niki\Source\electricity_rl\Experiments
gamma,0.995
load,0
print_freq,20
batch_size,20
,0
id,82
agent,SAC
nplayers,2
max_steps,100
epochs,10000
action_min,0.0
action_max,1.0
nactions,1
greedy,0
nstates,1
env,PriceState
dir,C:\Users\niki\Source\electricity_rl\Experiments
gamma,0.995
load,0
print_freq,20
batch_size,20
,0
id,83
agent,SAC
nplayers,2
max_steps,100
epochs,10000
action_min,0.0
action_max,1.0
nactions,1
greedy,0
nstates,1
env,PriceState
dir,C:\Users\niki\Source\electricity_rl\Experiments
gamma,0.995
load,0
print_freq,20
batch_size,20
,0
id,84
agent,SAC
nplayers,2
max_steps,100
epochs,10000
action_min,0.0
action_max,1.0
nactions,1
greedy,0
nstates,1
env,PriceState
dir,C:\Users\niki\Source\electricity_rl\Experiments
gamma,0.995
load,0
print_freq,20
batch_size,20
,0
id,85
agent,SAC
nplayers,2
max_steps,100
epochs,10000
action_min,0.0
action_max,1.0
nactions,1
greedy,0
nstates,1
env,PriceState
dir,C:\Users\niki\Source\electricity_rl\Experiments
gamma,0.995
load,0
print_freq,20
batch_size,20
,0
id,86
agent,SAC
nplayers,2
max_steps,100
epochs,10000
action_min,0.0
action_max,1.0
nactions,1
greedy,0
nstates,1
env,PriceState
dir,C:\Users\niki\Source\electricity_rl\Experiments
gamma,0.995
load,0
print_freq,20
batch_size,20
,0
id,87
agent,SAC
nplayers,2
max_steps,100
epochs,10000
action_min,0.0
action_max,1.0
nactions,1
greedy,0
nstates,1
env,PriceState
dir,C:\Users\niki\Source\electricity_rl\Experiments
gamma,0.995
load,0
print_freq,20
batch_size,20
,0
id,88
agent,SAC
nplayers,2
max_steps,100
epochs,10000
action_min,0.0
action_max,1.0
nactions,1
greedy,0
nstates,1
env,PriceState
dir,C:\Users\niki\Source\electricity_rl\Experiments
gamma,0.995
load,0
print_freq,20
batch_size,20
,0
id,89
agent,SAC
nplayers,2
max_steps,100
epochs,10000
action_min,0.0
action_max,1.0
nactions,1
greedy,0
nstates,1
env,PriceState
dir,C:\Users\niki\Source\electricity_rl\Experiments
gamma,0.995
load,0
print_freq,20
batch_size,20
,0
id,90
agent,ActorCritic
nplayers,2
max_steps,100
epochs,10000
action_min,0.0
action_max,1.0
nactions,100
greedy,0
nstates,1
env,PriceState
dir,C:\Users\niki\Source\electricity_rl\Experiments
gamma,0.995
load,0
print_freq,20
batch_size,20
,0
id,91
agent,ActorCritic
nplayers,2
max_steps,100
epochs,10000
action_min,0.0
action_max,1.0
nactions,100
greedy,0
nstates,1
env,PriceState
dir,C:\Users\niki\Source\electricity_rl\Experiments
gamma,0.995
load,0
print_freq,20
batch_size,20
,0
id,92
agent,ActorCritic
nplayers,2
max_steps,100
epochs,10000
action_min,0.0
action_max,1.0
nactions,100
greedy,0
nstates,1
env,PriceState
dir,C:\Users\niki\Source\electricity_rl\Experiments
gamma,0.995
load,0
print_freq,20
batch_size,20
,0
id,93
agent,ActorCritic
nplayers,2
max_steps,100
epochs,10000
action_min,0.0
action_max,1.0
nactions,100
greedy,0
nstates,1
env,PriceState
dir,C:\Users\niki\Source\electricity_rl\Experiments
gamma,0.995
load,0
print_freq,20
batch_size,20
,0
id,94
agent,ActorCritic
nplayers,2
max_steps,100
epochs,10000
action_min,0.0
action_max,1.0
nactions,100
greedy,0
nstates,1
env,PriceState
dir,C:\Users\niki\Source\electricity_rl\Experiments
gamma,0.995
load,0
print_freq,20
batch_size,20
,0
id,95
agent,ActorCritic
nplayers,2
max_steps,100
epochs,10000
action_min,0.0
action_max,1.0
nactions,100
greedy,0
nstates,1
env,PriceState
dir,C:\Users\niki\Source\electricity_rl\Experiments
gamma,0.995
load,0
print_freq,20
batch_size,20
,0
id,96
agent,ActorCritic
nplayers,2
max_steps,100
epochs,10000
action_min,0.0
action_max,1.0
nactions,100
greedy,0
nstates,1
env,PriceState
dir,C:\Users\niki\Source\electricity_rl\Experiments
gamma,0.995
load,0
print_freq,20
batch_size,20
,0
id,97
agent,ActorCritic
nplayers,2
max_steps,100
epochs,10000
action_min,0.0
action_max,1.0
nactions,100
greedy,0
nstates,1
env,PriceState
dir,C:\Users\niki\Source\electricity_rl\Experiments
gamma,0.995
load,0
print_freq,20
batch_size,20
,0
id,98
agent,ActorCritic
nplayers,2
max_steps,100
epochs,10000
action_min,0.0
action_max,1.0
nactions,100
greedy,0
nstates,1
env,PriceState
dir,C:\Users\niki\Source\electricity_rl\Experiments
gamma,0.995
load,0
print_freq,20
batch_size,20
,0
id,99
agent,ActorCritic
nplayers,2
max_steps,100
epochs,10000
action_min,0.0
action_max,1.0
nactions,100
greedy,0
nstates,1
env,PriceState
dir,C:\Users\niki\Source\electricity_rl\Experiments
gamma,0.995
load,0
print_freq,20
batch_size,20
,0
id,100
agent,ActorCritic
nplayers,2
max_steps,100
epochs,10000
action_min,0.0
action_max,1.0
nactions,100
greedy,0
nstates,1
env,PriceState
dir,C:\Users\niki\Source\electricity_rl\Experiments
gamma,0.995
load,0
print_freq,20
batch_size,20
,0
id,101
agent,ActorCritic
nplayers,2
max_steps,100
epochs,10000
action_min,0.0
action_max,1.0
nactions,100
greedy,0
nstates,1
env,PriceState
dir,C:\Users\niki\Source\electricity_rl\Experiments
gamma,0.995
load,0
print_freq,20
batch_size,20
,0
id,102
agent,ActorCritic
nplayers,2
max_steps,100
epochs,10000
action_min,0.0
action_max,1.0
nactions,100
greedy,0
nstates,1
env,PriceState
dir,C:\Users\niki\Source\electricity_rl\Experiments
gamma,0.995
load,0
print_freq,20
batch_size,20
,0
id,103
agent,ActorCritic
nplayers,2
max_steps,100
epochs,10000
action_min,0.0
action_max,1.0
nactions,100
greedy,0
nstates,1
env,PriceState
dir,C:\Users\niki\Source\electricity_rl\Experiments
gamma,0.995
load,0
print_freq,20
batch_size,20
,0
id,104
agent,ActorCritic
nplayers,2
max_steps,100
epochs,10000
action_min,0.0
action_max,1.0
nactions,100
greedy,0
nstates,1
env,PriceState
dir,C:\Users\niki\Source\electricity_rl\Experiments
gamma,0.995
load,0
print_freq,20
batch_size,20
,0
id,105
agent,"ActorCritic,SAC"
nplayers,1
max_steps,100
epochs,10000
action_min,0.0
action_max,1.0
nactions,100
greedy,0
nstates,1
env,PriceState
dir,C:\Users\niki\Source\electricity_rl\Experiments
gamma,0.995
load,0
print_freq,20
batch_size,20
,0
id,105
agent,"ActorCritic,SAC"
nplayers,1
max_steps,100
epochs,10000
action_min,0.0
action_max,1.0
nactions,100
greedy,0
nstates,1
env,PriceState
dir,C:\Users\niki\Source\electricity_rl\Experiments
gamma,0.995
load,0
print_freq,20
batch_size,20
,0
id,106
agent,"ActorCritic,SAC"
nplayers,1
max_steps,100
epochs,10000
action_min,0.0
action_max,1.0
nactions,100
greedy,0
nstates,1
env,PriceState
dir,C:\Users\niki\Source\electricity_rl\Experiments
gamma,0.995
load,0
print_freq,20
batch_size,20
,0
id,107
agent,"ActorCritic,SAC"
nplayers,1
max_steps,100
epochs,10000
action_min,0.0
action_max,1.0
nactions,100
greedy,0
nstates,1
env,PriceState
dir,C:\Users\niki\Source\electricity_rl\Experiments
gamma,0.995
load,0
print_freq,20
batch_size,20
,0
id,108
agent,"ActorCritic,SAC"
nplayers,1
max_steps,100
epochs,10000
action_min,0.0
action_max,1.0
nactions,100
greedy,0
nstates,1
env,PriceState
dir,C:\Users\niki\Source\electricity_rl\Experiments
gamma,0.995
load,0
print_freq,20
batch_size,20
,0
id,109
agent,"ActorCritic,SAC"
nplayers,1
max_steps,100
epochs,10000
action_min,0.0
action_max,1.0
nactions,100
greedy,0
nstates,1
env,PriceState
dir,C:\Users\niki\Source\electricity_rl\Experiments
gamma,0.995
load,0
print_freq,20
batch_size,20
,0
id,110
agent,"ActorCritic,SAC"
nplayers,1
max_steps,100
epochs,10000
action_min,0.0
action_max,1.0
nactions,100
greedy,0
nstates,1
env,PriceState
dir,C:\Users\niki\Source\electricity_rl\Experiments
gamma,0.995
load,0
print_freq,20
batch_size,20
,0
id,111
agent,"ActorCritic,SAC"
nplayers,1
max_steps,100
epochs,10000
action_min,0.0
action_max,1.0
nactions,100
greedy,0
nstates,1
env,PriceState
dir,C:\Users\niki\Source\electricity_rl\Experiments
gamma,0.995
load,0
print_freq,20
batch_size,20
,0
id,112
agent,"ActorCritic,SAC"
nplayers,1
max_steps,100
epochs,10000
action_min,0.0
action_max,1.0
nactions,100
greedy,0
nstates,1
env,PriceState
dir,C:\Users\niki\Source\electricity_rl\Experiments
gamma,0.995
load,0
print_freq,20
batch_size,20
,0
id,113
agent,"ActorCritic,SAC"
nplayers,1
max_steps,100
epochs,10000
action_min,0.0
action_max,1.0
nactions,100
greedy,0
nstates,1
env,PriceState
dir,C:\Users\niki\Source\electricity_rl\Experiments
gamma,0.995
load,0
print_freq,20
batch_size,20
,0
id,114
agent,"ActorCritic,SAC"
nplayers,1
max_steps,100
epochs,10000
action_min,0.0
action_max,1.0
nactions,100
greedy,0
nstates,1
env,PriceState
dir,C:\Users\niki\Source\electricity_rl\Experiments
gamma,0.995
load,0
print_freq,20
batch_size,20
